{
  "Data" : {
    "Balance" : [
      {
      "AccountId" : "1234587",
      "Amount" : {
        "Amount" : "8230.00",
        "Currency" : "INR"
        },
        "CreditDebitIndicator" : "Credit",
        "Type" : "POS",
        "DataTime" : "2021-12-02T10:58:07+00.00",
        "CreditLine" : [
          {
            "Included" : true,
            "Amount" :{
            "Amount" : "2500.00",
            "Currency" : "INR"
          },
          "Type" : "Pre-Agreed"
          }
        ]
      }
      ]
      },
      "Links" : {
        "Self":"http://api.abcbank.com/open.book/1.2/api/account/2289/balance/"
      },
      "Meta" : {
        "Totalpages" : 1
      }

  }
  
