{
  "Data" : {
    "Transaction" : 
      {
      "AccountId" : "1234587",
      "TranscationId" : "111112222",
      "TranscationRef" : "ref1",
      "Amount" : {
        "Amount" : "850.00",
        "Currency" : "INR"
        },
        "CreditDebitIndicator" : "Credit",
        "Status" : "transfered",
        "transdateTime" : "2021-12-02T11:43:07+00.00",
        "currentDataTime" : "2021-12-02T11:49:24+00.00",
        "TransInfo" : "withdrawal transfer",
        "Transaction code" : [
          {
            "code" : "DebitTransfer",
            "Subcode" : "DomesticTrans"

          },
          "Type" : "pre-Agreed"
       ]  
    },
    "Links" : {
      "Self" : "http://api.abcbank.com/open.book/1.2/api/ account/2289/transaction/"
    },
    "Meta" : {
      "Totalpages" : 1,
    }
  }  
}